{"cameraMode":{"drawMode":0,"name":"Shaded","section":"Shading Mode"},"sceneLighting":false,"audioPlay":false,"sceneViewState":{"showFog":true,"showMaterialUpdate":false,"showSkybox":false,"showFlares":true,"showImageEffects":true,"showParticleSystems":true},"in2DMode":false,"pivot":{"x":-1.7671833038330079,"y":1.3397257328033448,"z":0.3858075737953186},"rotation":{"x":-0.2995259165763855,"y":-0.6247069835662842,"z":0.2819064259529114,"w":-0.6637669801712036},"size":5.301060199737549,"orthographic":true}