{"cameraMode":{"drawMode":0,"name":"Shaded","section":"Shading Mode"},"sceneLighting":true,"audioPlay":false,"sceneViewState":{"showFog":true,"showMaterialUpdate":false,"showSkybox":true,"showFlares":true,"showImageEffects":true,"showParticleSystems":true},"in2DMode":false,"pivot":{"x":27.03189468383789,"y":53.024566650390628,"z":-21.114490509033204},"rotation":{"x":0.4555100202560425,"y":0.5421017408370972,"z":-0.46292439103126528,"w":0.5333610773086548},"size":10.258430480957032,"orthographic":false}