{"cameraMode":{"drawMode":0,"name":"Shaded","section":"Shading Mode"},"sceneLighting":false,"audioPlay":false,"sceneViewState":{"showFog":true,"showMaterialUpdate":false,"showSkybox":false,"showFlares":true,"showImageEffects":true,"showParticleSystems":true},"in2DMode":false,"pivot":{"x":68.01922607421875,"y":4.51455020904541,"z":3.993326425552368},"rotation":{"x":-0.09096558392047882,"y":0.7662893533706665,"z":-0.11139100044965744,"w":-0.6263056993484497},"size":5.924717426300049,"orthographic":false}