{"cameraMode":{"drawMode":0,"name":"Shaded","section":"Shading Mode"},"sceneLighting":false,"audioPlay":false,"sceneViewState":{"showFog":true,"showMaterialUpdate":false,"showSkybox":false,"showFlares":true,"showImageEffects":true,"showParticleSystems":true},"in2DMode":false,"pivot":{"x":71.05838012695313,"y":3.073637008666992,"z":5.121528148651123},"rotation":{"x":0.3298913538455963,"y":0.6408494710922241,"z":-0.35490190982818606,"w":0.5955359935760498},"size":9.006129264831543,"orthographic":false}