{"cameraMode":{"drawMode":0,"name":"Shaded","section":"Shading Mode"},"sceneLighting":true,"audioPlay":false,"sceneViewState":{"showFog":true,"showMaterialUpdate":false,"showSkybox":true,"showFlares":true,"showImageEffects":true,"showParticleSystems":true},"in2DMode":false,"pivot":{"x":25.738887786865236,"y":-16.700397491455079,"z":-16.771564483642579},"rotation":{"x":0.2303437888622284,"y":0.7287343144416809,"z":-0.29192477464675906,"w":0.5750809907913208},"size":39.950218200683597,"orthographic":false}