{"cameraMode":{"drawMode":0,"name":"Shaded","section":"Shading Mode"},"sceneLighting":false,"audioPlay":false,"sceneViewState":{"showFog":true,"showMaterialUpdate":false,"showSkybox":false,"showFlares":true,"showImageEffects":true,"showParticleSystems":true},"in2DMode":false,"pivot":{"x":-2.3586437702178957,"y":1.197885274887085,"z":2.4035825729370119},"rotation":{"x":0.25259727239608767,"y":0.6691092848777771,"z":-0.2605935037136078,"w":0.6485447883605957},"size":6.6412272453308109,"orthographic":false}