{"cameraMode":{"drawMode":0,"name":"Shaded","section":"Shading Mode"},"sceneLighting":false,"audioPlay":false,"sceneViewState":{"showFog":true,"showMaterialUpdate":false,"showSkybox":false,"showFlares":true,"showImageEffects":true,"showParticleSystems":true},"in2DMode":false,"pivot":{"x":70.0,"y":1.2397220134735108,"z":-19.152915954589845},"rotation":{"x":0.29330524802207949,"y":0.5374157428741455,"z":-0.20652791857719422,"w":0.7632205486297607},"size":6.201680660247803,"orthographic":false}