{"cameraMode":{"drawMode":0,"name":"Shaded","section":"Shading Mode"},"sceneLighting":true,"audioPlay":false,"sceneViewState":{"showFog":true,"showMaterialUpdate":false,"showSkybox":true,"showFlares":true,"showImageEffects":true,"showParticleSystems":true},"in2DMode":false,"pivot":{"x":30.305118560791017,"y":14.261848449707032,"z":-60.74311065673828},"rotation":{"x":0.25348564982414248,"y":-0.565885066986084,"z":0.18837717175483704,"w":0.7616381049156189},"size":11.431534767150879,"orthographic":false}