{"cameraMode":{"drawMode":0,"name":"Shaded","section":"Shading Mode"},"sceneLighting":true,"audioPlay":false,"sceneViewState":{"showFog":true,"showMaterialUpdate":false,"showSkybox":true,"showFlares":true,"showImageEffects":true,"showParticleSystems":true},"in2DMode":false,"pivot":{"x":60.73126983642578,"y":-23.874542236328126,"z":20.996826171875},"rotation":{"x":-0.4457051455974579,"y":0.013130886480212212,"z":-0.0065992893651127819,"w":-0.8950983881950378},"size":38.51288604736328,"orthographic":false}