{"cameraMode":{"drawMode":0,"name":"Shaded","section":"Shading Mode"},"sceneLighting":false,"audioPlay":false,"sceneViewState":{"showFog":true,"showMaterialUpdate":false,"showSkybox":true,"showFlares":true,"showImageEffects":true,"showParticleSystems":true},"in2DMode":false,"pivot":{"x":12.215011596679688,"y":-3.511622428894043,"z":-6.184905052185059},"rotation":{"x":0.29330524802207949,"y":0.5374157428741455,"z":-0.20652791857719422,"w":0.7632205486297607},"size":32.528236389160159,"orthographic":false}