{"cameraMode":{"drawMode":0,"name":"Shaded","section":"Shading Mode"},"sceneLighting":false,"audioPlay":false,"sceneViewState":{"showFog":true,"showMaterialUpdate":false,"showSkybox":false,"showFlares":true,"showImageEffects":true,"showParticleSystems":true},"in2DMode":false,"pivot":{"x":5.160999774932861,"y":1.9149999618530274,"z":-7.619999885559082},"rotation":{"x":0.17509594559669496,"y":-0.6856812834739685,"z":0.1754944622516632,"w":0.6844873428344727},"size":0.8250000476837158,"orthographic":false}