{"cameraMode":{"drawMode":0,"name":"Shaded","section":"Shading Mode"},"sceneLighting":true,"audioPlay":false,"sceneViewState":{"showFog":true,"showMaterialUpdate":false,"showSkybox":true,"showFlares":true,"showImageEffects":true,"showParticleSystems":true},"in2DMode":false,"pivot":{"x":-0.20521807670593263,"y":-1.5808405876159669,"z":7.9644927978515629},"rotation":{"x":0.3036091923713684,"y":0.1672433316707611,"z":-0.05419998988509178,"w":0.9365063309669495},"size":14.256062507629395,"orthographic":false}