{"cameraMode":{"drawMode":0,"name":"Shaded","section":"Shading Mode"},"sceneLighting":false,"audioPlay":false,"sceneViewState":{"showFog":true,"showMaterialUpdate":false,"showSkybox":true,"showFlares":true,"showImageEffects":true,"showParticleSystems":true},"in2DMode":false,"pivot":{"x":3.771817922592163,"y":11.040480613708496,"z":-13.86444091796875},"rotation":{"x":-0.25825005769729617,"y":-0.09458112716674805,"z":0.02541346661746502,"w":-0.9611114263534546},"size":31.426130294799806,"orthographic":false}