{"cameraMode":{"drawMode":0,"name":"Shaded","section":"Shading Mode"},"sceneLighting":false,"audioPlay":false,"sceneViewState":{"showFog":true,"showMaterialUpdate":false,"showSkybox":false,"showFlares":true,"showImageEffects":true,"showParticleSystems":true},"in2DMode":false,"pivot":{"x":1.0567141771316529,"y":1.8518526554107667,"z":-1.7000001668930054},"rotation":{"x":-0.6024049520492554,"y":0.0019278471590951086,"z":-0.0014428815338760615,"w":-0.7982110381126404},"size":6.024709701538086,"orthographic":false}